dataset,accuracy,f1_macro
world_air_quality,1.0,1.0
wine_quality,0.6986899563318777,0.41156875939484633
titanic,0.8181818181818182,0.8103835169318644
